Country,accessibility_to_cities,elevation,aspect,slope,cropland_cover,tree_canopy_cover,isothermality,rain_coldestQuart,rain_driestMonth,rain_driestQuart,rain_mean_annual,rain_seasonailty,rain_warmestQuart,rain_wettestMonth,rain_wettestQuart,temp_annual_range,temp_coldestQuart,temp_diurnal_range,temp_driestQuart,temp_max_warmestMonth,temp_mean_annual,temp_min_coldestMonth,temp_seasonality,temp_warmestQuart,temp_wettestQuart,wind,cloudiness
Russia,2143.587912000,448.533541700,178.456969000,0.486310126,7.381209796,20.356473160,19.351713760,63.279186050,15.345187060,52.450745010,434.729235200,49.685742420,181.575443400,69.307804470,184.997820200,50.631190810,-24.743685930,9.922327688,-19.847400690,19.952679130,-6.261876315,-30.678511680,145.221421600,12.206959080,11.549561160,3.013605722,210.990816500
United States of America,638.757539300,759.251226200,166.560382400,0.529686762,19.743869900,16.728462470,32.952881540,141.820680300,28.787362400,100.500559600,671.911732600,43.415170810,198.817686800,93.486072660,249.429017800,39.053796330,-5.388305211,12.751938740,1.420302587,26.776731450,6.602248261,-12.277064880,93.460601980,18.518983640,13.579271850,3.586281662,180.274638700
Canada,3220.715175000,508.284763300,169.290791900,0.397220485,3.796340492,20.587476250,19.862863450,80.937464550,19.612252060,66.220982780,453.318422700,46.837964930,161.861002000,64.995707010,177.361250000,45.963723790,-23.193779710,9.232453946,-19.120409690,16.428661050,-6.831689790,-29.535062740,128.934783300,9.503739868,7.649330660,3.378885862,231.498702300
Antarctica,,,,,0.000000000,,,,,,,,,,,,,,,,,,,,,,302.807829300
Indonesia,504.884807200,342.053688200,168.270799000,0.909755385,13.240866090,55.478882100,84.942402330,673.078719500,136.174029600,449.847542000,2728.355157000,29.436565590,677.470570800,326.216210100,904.111710900,10.004345750,24.396248440,8.508099615,24.827528500,30.133801020,24.993327490,20.129455270,4.163967777,25.392018810,24.934236730,1.366647907,293.095107200
China,466.566902000,1788.508668000,169.098155800,0.943246708,22.183475470,11.579313470,30.945545840,34.736686280,8.319758871,30.975238090,561.271580300,89.453029990,291.043886000,120.606770100,306.584550600,39.911313510,-7.043608557,12.194984350,-5.765483845,25.190887040,6.362945884,-14.720426480,98.902803530,18.397897490,17.672922160,3.241690663,191.244660900
India,91.380823830,583.146527400,176.324495700,0.520001904,64.343772740,9.077389110,44.100122360,74.191898960,3.794327212,23.849571000,1110.010678000,114.953456500,294.337225400,309.208750000,760.316457600,27.213717220,17.687666410,11.833429820,21.138880410,37.033477630,23.963633350,9.819760411,45.544373740,29.490962010,26.082981360,2.698925158,167.309963700
Mongolia,710.366200100,1494.593363000,175.176926900,0.816572192,0.877800591,2.433120377,26.883867630,6.298572765,1.581687520,6.166105098,194.781347100,105.142175400,133.363789500,55.074526470,133.369275100,50.614618460,-18.312950890,13.795700400,-16.784199820,24.107236560,-0.091585537,-26.507381900,134.853867100,16.380906400,16.369401130,3.786837950,152.657077100
Australia,845.868018500,278.031714000,183.025043100,0.089268073,7.938567206,6.056155479,49.694981410,68.505733590,11.588832900,42.903430140,467.508088100,59.336975090,170.644907500,89.634476450,234.732926200,28.094563950,14.709537660,13.980067390,18.618993670,35.186078710,21.466617810,7.091514759,49.751486770,27.374671620,24.350215820,4.151111283,126.814047000
Kiribati,5805.650000000,0.925385577,151.620236500,0.000000000,0.000000000,15.353356890,90.649921640,494.485431200,83.842927030,289.263119200,1672.919683000,29.425507010,347.601118500,206.291901700,560.028410700,6.066974057,28.076407080,5.522858606,28.292311210,31.406706850,28.256957240,25.339732950,1.385760289,28.377545080,28.167278640,,223.938005400
Mexico,191.337616600,1039.715495000,172.505098400,1.031468580,12.712634890,16.223371190,58.675639510,74.171829550,10.582298370,41.154428020,771.513868500,85.714361780,275.667939300,165.895391000,426.651889500,25.931240790,15.323724580,15.004280740,18.714597840,32.986827450,20.345911630,7.055586665,37.372007700,24.783958090,23.465077310,2.749946880,152.808006100
Brazil,736.729798800,326.643084300,176.137527900,0.160652538,17.282336280,39.175236620,72.734472710,366.626671700,39.313279570,141.171794800,1752.792411000,60.927787730,370.370420900,277.121189300,761.985809800,15.498704160,22.949019000,11.108499710,23.680007540,32.013694080,24.447749360,16.514989920,10.758794820,25.621794870,24.754861180,1.963016907,218.485095400
Chile,425.878588300,1095.077168000,208.226146600,1.588154415,6.389745666,22.309222690,54.734439450,349.424079500,51.878315190,174.788239300,1047.308761000,60.475953620,199.610291600,140.716240500,389.810222100,18.811863420,4.653303611,10.566843510,10.196374460,18.705990260,8.598991694,-0.105873166,30.021737960,12.364525810,7.426599321,3.816059043,183.329946900
Argentina,209.219579700,682.799253200,145.031412400,0.623855295,21.962503800,8.833609580,49.851472170,79.087675490,17.183211360,60.486304630,539.872468600,48.321241880,183.138159700,79.216886480,211.712073100,26.773355460,8.023890555,13.461877000,11.094960060,28.216189460,14.207192180,1.442833996,47.560072190,20.171169350,16.477629340,4.270904356,159.006531600
Mali,1821.774328000,321.337634200,176.572280000,0.015913345,3.441976025,1.028307540,52.515078520,3.517844042,0.057845168,0.424866868,319.281782500,131.317509300,50.565019790,103.770808400,241.678924000,29.587460840,22.142574320,15.444380870,25.243983940,42.243055700,28.249699000,12.655594860,44.411164040,33.468711000,31.117196420,3.699002646,136.074039600
Mauritania,2458.351223000,261.903271000,178.062916100,0.023469677,0.128914096,0.063985764,50.365906250,3.455872247,0.025390956,0.668451173,92.709126350,117.862564800,29.786480470,33.821917520,75.916641510,30.309189360,20.788366150,15.225453250,26.097628340,42.752500990,27.684733900,12.443311630,50.201064300,33.680608390,31.852689960,4.590983852,114.907496300
Algeria,1212.799818000,556.758316900,184.974719600,0.170861495,3.690864485,0.176656220,40.298952420,25.290778480,0.934992088,6.088661767,79.456065610,67.081493430,9.508621200,13.366232080,33.294102020,36.490306210,13.151553410,14.872674100,26.921072430,41.548232660,22.963946120,5.057926453,75.110262610,32.450828110,20.813229200,4.025769508,90.674394980
Libya,1627.810140000,417.559219700,160.041994800,0.048745106,0.991233751,0.003623095,45.978241700,15.414881850,0.000676000,0.208069139,29.811242830,49.614886250,0.820696664,6.737376611,16.487560720,32.784689360,13.024853800,15.212067130,23.005736970,37.617301530,21.700016830,4.832612170,62.621621650,28.937553190,17.817703050,4.219238082,61.617936760
Sudan,1351.887663000,534.033214900,172.470175600,0.066834546,9.919865614,0.916300700,57.675832380,21.337722040,0.015203308,0.146940767,234.836338400,141.488704000,38.708539890,78.639752640,180.292631500,27.599931680,21.555968620,15.944644540,22.708110060,39.833154310,26.762527070,12.233222630,36.808542520,30.917493360,28.971185450,3.890765255,97.141857830
Chad,1223.188455000,518.478402200,197.095792700,0.111867953,3.464731883,1.653800711,56.245209180,58.389491010,0.025211448,0.165981669,318.246370400,142.173005800,41.904838770,106.270428300,237.534606700,27.276805390,21.985042100,15.348919810,23.707063420,39.960575890,26.960631980,12.683770500,36.481522600,31.222510180,28.733718160,3.960233834,115.275541500
Ethiopia,245.505246700,1257.421890000,178.387662000,0.984824260,20.531311600,8.030340277,72.691714360,243.264821100,7.188693160,32.713841650,798.840495600,92.491574310,168.052707500,179.483972300,432.123357000,19.225594080,21.197674700,14.003977250,22.064897840,32.601420990,22.738001170,13.375826910,12.512563380,24.337428250,22.885896020,2.755352750,170.878720200
Kenya,225.918707800,792.753326100,149.047577400,0.515005860,14.630794230,4.926112859,78.698440590,78.884357080,10.705000540,47.315300430,604.552418600,83.565154770,174.342784800,136.639783800,272.968006800,16.848388690,22.837195490,13.395466130,23.352268320,33.186555460,24.242256640,16.338166770,10.107341620,25.474744080,24.765396570,3.780477256,184.743129500
Democratic Republic of the Congo,458.610484000,683.686642000,187.718114600,0.168173151,1.599722372,50.461488410,78.428638450,254.047437700,34.810474060,139.790666700,1597.702318000,50.844322140,413.064040200,221.973789200,605.233417700,14.262081760,23.025429330,11.032460130,23.340803950,30.933441510,23.947276050,16.671359750,6.668458404,24.664926610,23.842538960,1.484262615,254.619340900
Angola,378.202392200,1061.478991000,174.256908400,0.192628620,2.794476466,19.870109180,64.332394650,8.054832235,0.260122051,4.430196881,1023.374698000,91.538159470,318.535618400,202.197133200,524.280720000,21.489161670,18.793516160,13.845248830,18.866881840,31.037913340,21.611873760,9.548751671,18.535815240,23.288573590,22.758981810,2.164405200,187.517044300
South Africa,141.503853800,1043.141954000,184.399950300,0.447661291,12.047030820,4.417432958,54.471192060,43.251394850,9.085544868,32.928723160,480.012620400,61.191548710,198.787143100,80.632543700,219.912020000,27.639892790,11.184036700,15.080940190,12.665974160,29.991451070,17.198937640,2.351558282,43.761149710,22.286689500,20.567933530,3.458192800,116.551430100
Mozambique,208.666247400,369.042054700,153.243992900,0.203266453,7.243072832,19.376804970,61.676756520,39.200239550,7.518185438,29.732830510,990.729668900,96.126887630,378.237338800,219.025029900,604.411575100,19.643008980,20.415377570,12.148638460,21.461612890,33.055145360,23.869754580,13.412136380,23.497847090,26.334229670,25.802981880,2.332200976,154.191301300
Madagascar,514.309553500,544.781586600,190.703802500,0.646853978,3.094496729,16.052874710,65.482444150,79.168164220,16.807464470,63.706184040,1376.463386000,96.734785360,676.306495800,316.322236000,820.000092800,18.658342360,19.656567470,12.307317430,20.062039740,31.342130140,22.845955400,12.683787780,21.864553600,25.069608000,24.943740510,2.736785577,154.876566300
Myanmar,322.125146300,570.165800600,184.964498000,1.034333157,25.112438560,39.299097810,48.353427710,35.777782880,5.316174281,28.357172970,1981.408964000,91.470134420,650.754115800,426.693963400,1173.786418000,22.145491720,18.804076060,10.744585220,19.848463660,32.924886730,23.225376730,10.779395010,29.803967230,26.310329890,25.150838150,1.716488270,202.533738700
Vietnam,99.758970200,401.030860000,152.885786400,0.881312874,37.731295030,35.943497220,50.873056840,104.858267500,13.791152650,64.767043510,1788.884738000,80.825263320,653.163499700,358.781210200,952.790170000,16.788469770,19.409350730,8.318559018,20.143275200,31.186192520,23.358697480,14.397722750,27.962119830,26.481216590,25.501739180,1.999043494,263.938746900
Malaysia,313.268561000,282.505950300,185.203916300,0.703756565,6.691351804,60.085477390,86.999837520,839.686074600,157.768516500,537.827788300,2951.677641000,25.881202450,675.241387100,369.965105300,985.344948400,9.653610205,24.883295930,8.417343488,25.485371220,30.480075420,25.443409270,20.826465210,3.871056804,25.876562790,25.132478690,1.203083993,298.281242100
Somalia,288.064857800,418.625245400,152.746685700,0.226777028,2.074912341,1.212798940,69.905369310,25.443028980,1.034706954,8.423577829,271.050006200,105.011982400,94.528383040,72.990857110,140.428907100,17.511397970,24.246861480,12.244337150,25.522483540,35.262996190,26.367369500,17.751598220,16.126932200,28.232557420,27.431170140,5.349847422,133.855986500
Saudi Arabia,652.295304700,641.323989600,128.767923700,0.176330129,1.398640697,0.013973832,44.279680120,30.374178060,0.222433578,1.744215512,94.623597310,97.649299340,2.893950255,23.496079310,53.468744580,31.326493580,15.777721320,13.899812830,31.286595690,39.869235050,24.564395120,8.542741475,64.917905770,32.240432720,20.348036640,3.728877097,72.834234670
Pakistan,264.467256700,1051.985154000,190.666602500,1.030050677,31.520795030,1.451869406,39.413735650,57.400858000,4.069453872,19.197142040,262.774879400,87.482630280,97.441979360,62.282700920,141.242031800,35.880084130,9.613197041,14.268125860,18.050708650,36.994293380,20.007367370,1.114209249,75.105448360,28.808902580,21.467375960,2.976714228,121.050943000
Afghanistan,317.715752300,1831.744397000,201.429796300,1.515600142,9.511846032,0.374672645,35.904416970,128.718359600,1.722483226,8.300540073,311.329143200,91.628755920,12.689583520,67.839245850,175.816017700,40.261611370,-0.261351562,14.724698290,21.120328680,31.950104710,11.533306030,-8.311506654,88.153514750,22.675236570,3.947659600,3.432746579,114.228982600
Iran,264.203841600,1256.457706000,171.724994300,1.206398202,14.773045070,0.690295610,38.038202410,95.156879920,1.350039751,5.924181057,213.176142400,85.427308220,7.906124779,43.537656350,112.118022500,37.319040600,6.253446101,14.362648110,26.466970420,36.337874620,16.974030500,-0.981165986,81.638934590,27.269734850,9.568929556,3.173667225,108.699040100
Turkey,74.814762270,1112.032911000,183.252684200,1.454611434,37.058655140,7.642872826,34.083181330,219.103491100,12.404896210,46.534092880,592.394349600,51.450348830,58.431786010,91.037022290,244.100976800,33.162233410,0.818752249,11.410790330,19.569581630,28.801406910,10.752816520,-4.360826497,76.517169990,20.370514450,6.026421720,2.795238628,162.763565800
Uzbekistan,523.790037100,357.972762500,195.314539900,0.397815023,15.267428300,0.350609521,28.572705460,65.473866080,1.672349719,8.785473437,196.823770700,61.465695390,11.177549550,34.486108360,88.469492090,42.659189110,-1.618313562,12.307090870,24.527399620,34.977351820,12.397671590,-7.681837283,107.327160100,26.012909380,9.774428329,4.122328469,145.700864800
Kazakhstan,443.832910900,350.099453000,186.012619300,0.185621604,17.283626160,1.536192996,23.650270560,51.377855670,10.588638030,37.373536620,251.420811200,33.372985490,72.297979520,35.053481310,90.604318940,47.099951470,-11.253444080,11.339631300,1.563364356,29.900855280,5.659802750,-17.199096190,128.729085700,21.551048200,11.892151440,4.457838501,178.722673000
Norway,1335.766998000,476.479650900,182.574211300,1.038794916,2.782704547,14.593626640,23.623893280,207.095786000,41.106198280,138.739279500,832.545951500,25.928020250,216.384347900,100.283724100,276.151305400,25.451627820,-9.568444824,6.137714788,-2.678619549,12.156008780,-1.447926213,-13.295619040,67.623895020,7.584673562,3.689735734,,
Greenland,11245.804950000,,,,0.000000000,0.296999730,15.401358350,158.538520300,42.211410830,139.488268900,687.514906400,22.365588430,167.354133200,76.994398450,216.898288500,33.471773290,-28.506789390,5.222258549,-18.875725570,0.914454823,-17.213942090,-32.557318460,99.924575980,-3.306807517,-12.287875050,,
Japan,31.677750320,351.907962000,175.454652600,1.116655290,17.423742020,50.088646470,25.691095680,265.472443900,70.035035490,230.995252700,1684.074472000,38.317853600,599.871877400,238.152501900,632.207451500,32.637505760,-0.367726412,8.521547178,2.185887783,27.056118170,10.433186500,-5.581387600,84.857071360,21.287942480,19.239079860,2.801730927,243.839625800
Federated States of Micronesia,5098.246204000,115.204918000,198.896369100,0.583963691,0.000000000,51.615951740,86.397106880,1223.293590000,238.593092600,843.661983800,4547.621310000,18.506536270,970.352737100,461.308084400,1327.912582000,7.987673502,26.576170180,6.940323556,26.834486270,30.718646380,26.803939900,22.730973140,1.516293736,26.914444750,26.712251620,,297.966831200
French Polynesia,9274.709629000,187.906323200,162.845726000,1.319379391,0.000000000,50.400656810,68.158762690,235.002871800,72.945501930,234.183297600,1785.603152000,43.174925060,753.246886700,270.373819100,729.156000800,9.044332879,22.630938970,6.209133681,23.303483130,28.603289160,24.023052480,19.558956350,9.988608492,25.158954640,24.819849930,5.745105743,198.026267900
Colombia,1302.412834000,555.400224600,171.570227600,0.853298580,5.342935728,48.492225350,81.129768090,855.197097400,85.020417230,323.485480900,2673.855758000,42.243389660,459.592063100,353.076873600,968.070314200,11.727481090,23.790820820,9.522903268,24.849096690,30.818274320,24.585547900,19.090793230,5.651496547,25.244220710,24.143803640,1.432076882,283.855535100
Peru,1027.102283000,1472.204748000,166.643327500,1.388491607,2.883981259,44.588370270,78.367105300,245.384479500,64.450242210,216.961440900,1561.508410000,56.723631910,464.294408000,207.425813700,574.216830300,15.958324050,17.863534600,12.419845590,18.213349100,26.694182040,19.166252120,10.735857990,9.018641519,20.125046730,19.748357220,1.806273649,237.885363700
Saint Helena,5744.452830000,156.568134200,190.513382000,0.912408759,1.578947368,,38.959140500,117.032917700,13.687246130,52.547672880,437.305633900,43.634713940,123.327751700,70.075264120,162.854373300,7.396642653,19.636115650,2.878826707,22.220903200,25.755946600,21.558384210,18.359303610,15.779836440,23.630829680,23.050121830,,214.342374200
Portugal,67.544099100,287.290938300,208.630686200,0.558974676,45.943720880,13.416211800,40.072689160,346.563166000,8.188189051,52.417739620,853.993461400,56.495205040,55.713039950,123.761003500,351.060234100,23.391890540,9.067737609,9.452208115,21.173175960,28.491161650,14.992517660,5.099271105,48.264388060,21.403555220,9.589156628,2.950941965,150.351058100
Spain,50.752239600,677.886581400,186.932559000,0.838064232,51.155585990,11.358394380,37.653517610,179.920230900,18.804719690,78.281199040,608.569259700,37.270202360,86.466772760,78.717365510,212.862413400,27.567668300,5.938179791,10.508840160,19.046089970,28.859902940,13.068710620,1.292234636,58.788259310,20.915028720,10.468307640,3.078634530,157.662566300
Morocco,122.848269500,865.930773800,205.196656000,0.926333227,19.972147890,0.468212424,43.141266010,122.744879400,2.448355382,13.836137330,317.017904900,62.487216330,17.160122060,50.460766330,134.593788200,31.599929250,9.685607482,13.667807670,24.013558210,34.243634850,17.096383040,2.643705602,59.391530590,24.996949800,12.588103460,3.009149451,114.716351500
Western Sahara,674.612961900,251.536035200,216.090092100,0.014442678,0.000976216,0.000000000,51.698232190,13.612522350,0.000000000,1.318849807,38.924849990,76.603858240,11.661860780,9.452020251,20.627753000,24.214429540,17.060802090,12.453319860,22.649958940,34.884392010,22.252772780,10.669962470,39.568292640,27.450515610,23.429563610,5.299204932,88.655748660
Burkina Faso,115.863687000,302.308181000,169.504049100,0.005361851,14.993029490,2.577537442,60.671412610,174.003339500,0.436663109,3.489307969,760.541096800,115.270016000,107.650988900,213.851166100,517.210318100,22.106150960,25.602200300,13.474171120,26.039295990,38.818509090,28.070576600,16.712358130,22.105225480,31.170711260,26.761711720,2.838656546,179.299606100
Ghana,111.768419500,178.737659600,174.622305700,0.076011158,7.865704140,13.370370380,68.495983530,461.287168300,11.111392500,60.238397210,1247.324509000,69.166019440,230.449306700,228.247528700,558.790458600,15.128546410,25.247942450,10.351331250,27.279711410,35.109211070,26.935770630,19.980664670,13.084637760,28.706843880,26.133133880,2.103483113,226.778103800
Nigeria,71.874908410,325.106646400,174.627732900,0.136884238,32.527758570,6.504077418,62.385502020,381.784079400,4.036924101,19.846579710,1178.865428000,100.405891800,170.805084500,259.538340400,655.557067300,19.968304240,24.238849500,12.258175950,25.422781780,36.373521990,26.425946750,16.405217740,18.696776390,29.046524410,25.305903760,2.360358523,215.258846800
Central African Republic,641.701781400,598.856382500,184.741062200,0.050319033,0.836618936,22.391233100,68.183878140,292.142775300,7.736798575,38.303180220,1370.818579000,76.004700210,228.797560500,240.483797200,672.584918400,19.840754370,23.654976960,13.471400120,24.396981280,34.674166620,24.888276680,14.833412250,11.069360330,26.434284800,24.194832600,1.874747175,232.962313200
Cameroon,236.370082900,644.787739200,183.012718400,0.372539614,2.974246514,36.373772170,72.528395110,597.453824000,16.204901770,69.916081670,1658.456494000,73.281176880,309.740063600,299.899765100,781.577231900,15.099283810,23.058184340,10.764046050,24.218426830,32.210694310,24.257184200,17.111410500,10.395893760,25.659093730,23.384803560,1.572129273,253.929253400
Niger,1310.854178000,459.901761000,176.153403500,0.038545236,5.835458877,0.140055755,51.808013950,0.031234391,0.001150683,0.025553380,137.902549700,144.507978000,26.235989140,55.053592590,115.559294100,29.466351400,20.440844420,15.302008260,22.355269280,40.712313810,27.140373390,11.245962410,46.690961870,32.332531370,30.576750880,3.973613961,97.504532860
Italy,34.916135960,512.128691800,160.141691600,1.387384954,49.082647780,18.505600860,30.944125310,204.210521400,35.974286360,127.407784800,820.740962800,32.257002060,168.558401000,103.937160600,282.538064200,25.775391580,4.282619036,8.110064905,14.166070220,26.188503660,12.034102730,0.413112076,62.191821230,20.068560170,11.656759730,2.648620802,180.215443800
Tunisia,199.689639500,258.914963300,175.686022700,0.299653393,29.405770700,0.588560255,38.801494170,84.833995880,2.402459121,15.332994910,229.212338300,53.765457240,21.992147980,33.617463010,90.190840030,32.105062710,10.402891640,12.611658150,27.592622470,36.537045210,19.085661030,4.431982492,67.723016640,27.724981060,13.135192230,4.053837793,108.143359500
Egypt,954.994376400,301.354709500,173.826214900,0.181041694,4.472106509,0.220351628,47.980182890,8.009986995,0.000309000,0.020844349,14.161663650,44.886971980,0.266930866,3.757425514,8.928621964,30.943291470,13.874059660,15.045761400,20.075836860,36.656383650,21.986713820,5.713092180,58.574994180,28.729333060,16.984082310,3.875293390,50.357228730
Jordan,323.376990200,763.245935500,170.149092300,0.495499717,4.970053588,0.010056707,42.965832550,59.313362840,0.000000000,0.000000000,105.016112600,84.093100230,0.000218000,22.173921300,60.327657540,32.438621770,9.114389177,14.080267260,26.279528620,34.851440900,18.321618980,2.412819124,67.824326920,26.323894860,9.947802229,3.794339174,75.203842390
Syria,125.604040500,521.233257400,165.202154700,0.348500315,35.528819620,0.166570686,39.017085410,130.638498500,0.040859869,0.953299173,248.016422500,81.889102430,1.361116562,49.326273540,131.798528300,35.374291070,7.529617112,13.953764520,27.654163680,36.967064400,17.764470570,1.592773330,79.000526120,27.727910500,8.092531189,3.834949049,97.451990200
Iraq,288.622842400,302.203159800,135.410960700,0.172732267,22.195479120,0.057425250,37.666414360,106.079326800,0.013522705,0.097319882,205.072757900,87.519938130,0.118477068,41.077480410,110.350368400,38.481466630,9.924836999,14.681985510,32.246467170,41.767092580,21.464558630,3.285625955,87.696127240,32.249386440,10.749723410,3.725304928,93.753623500
Eritrea,377.888198800,784.204850000,165.636118100,1.036752751,4.452478509,0.747528498,63.085623350,50.780021510,3.511686187,18.796825590,353.058344200,97.578988980,80.492914430,96.121726940,223.613082700,21.493954030,22.962584010,13.711640370,25.093500690,37.108335960,26.126304560,15.614381930,24.014025450,29.105811090,26.063217920,3.090920724,124.366054400
South Sudan,336.583957000,521.805893700,153.285627200,0.068373950,1.272882326,11.777737200,70.069102900,404.543374400,2.638008317,14.445001200,967.980515500,82.984307340,130.276496800,183.705949400,496.903902300,19.090281590,25.316093760,13.389876560,26.678733760,36.840213410,26.771285770,17.749931820,12.834603270,28.606227940,25.492619450,2.144260530,216.434175900
Uganda,126.077924600,1152.361031000,169.125598900,0.365036439,26.424644420,19.362358020,80.828907140,312.443607100,29.962845650,124.059400300,1194.306112000,46.579922520,203.506473700,175.168115600,455.328960500,14.877483400,21.525303560,12.045802290,22.869895450,30.474487990,22.475709040,15.597004590,7.392921856,23.439730310,22.046162250,1.786966623,243.254396000
United Republic of Tanzania,264.956460400,1025.625982000,170.561439900,0.501144524,20.004928340,13.586441330,68.701641560,30.316024960,4.885784795,21.033031620,976.215412800,87.707181160,279.286770900,198.386321600,513.312100600,15.881508290,20.640054360,10.959816090,20.795232230,30.106337890,22.473191730,14.224829600,12.715817900,23.856491750,23.113371570,2.346098589,194.885480100
Malawi,109.770094200,925.916794900,158.564558300,0.766269656,36.949582970,13.051641580,57.448492410,20.723949040,2.853229900,13.276135400,1071.260052000,106.164720100,295.008646500,248.743075400,678.123718000,18.897170350,18.398361450,10.939401980,19.396894050,30.513722310,21.747495960,11.616551960,22.533997690,24.186658910,23.162761850,2.356043926,167.501867400
Zambia,225.236769600,1126.881278000,190.900683900,0.185149305,7.632260651,20.181738890,56.984234520,3.292717528,0.027900481,0.767630360,1023.999592000,109.237486700,284.952856200,234.852728900,661.742878600,24.382454290,17.454632350,13.980045160,17.531889130,32.444282900,21.195916050,8.061828612,25.306753270,23.759179560,22.588247180,2.579925928,161.491280300
Republic of the Congo,784.917105000,420.135507600,162.370826900,0.103093280,0.539330832,48.153804930,76.358327690,204.664377800,27.121271450,121.913373300,1652.324335000,51.812122430,521.835992500,244.518339300,627.762739100,12.699072980,23.285934790,9.711352178,23.458226250,30.855237890,24.467442360,18.156164910,8.283741266,25.371519910,24.561184250,1.458389408,272.834814700
Namibia,348.944703900,1083.725927000,181.744731400,0.327853154,0.743304458,0.971638497,59.061477280,3.508725168,0.324268115,2.262360140,284.219376700,101.197286600,117.051267300,71.318404000,188.029505700,25.791479780,14.817437870,15.244078040,15.353237900,31.425650090,19.869091840,5.634170310,35.547052290,23.701175940,22.967527130,3.247668179,101.514054700
Botswana,386.906659100,1037.202122000,162.733116600,0.006235179,1.077684520,1.664163878,55.612398050,4.191613553,0.607268767,3.661472515,395.662629000,91.844489330,178.258423700,88.153743990,233.460966700,29.018351570,14.682252610,16.269263350,14.695061120,33.277208650,20.834292810,4.258857080,42.943320970,25.220125170,24.748998820,3.201352424,112.362091400
Zimbabwe,138.626308700,980.720583400,186.053171000,0.253010454,24.662978790,6.935139882,56.623995800,8.158174378,0.961426618,6.335153232,667.559061100,105.163241900,277.597150900,161.214483700,443.099779400,24.648987650,15.900264850,14.069513930,16.091333560,31.446793280,20.495546750,6.797805623,31.385056080,23.585907260,22.971738930,2.771454310,130.220926300
Indian Ocean Territories,1443.351097000,87.187165780,196.500000000,0.360962567,0.000000000,57.000000000,74.204032330,182.324826700,28.856689120,119.433810600,1911.249132000,56.928284970,676.358499400,290.278984500,829.401332800,6.546671946,24.701355300,4.882105162,24.843901480,29.027571420,25.559254740,22.480899310,5.736597199,26.239765680,25.940417870,,250.962566800
Thailand,114.008333400,279.331975200,163.771264200,0.514702642,52.004255100,23.748137940,56.710285170,120.606968200,10.261775200,49.150021930,1486.492648000,79.443870430,369.056240900,297.854589100,750.846371200,18.967928130,23.396750040,10.622104910,23.810981140,34.965447420,26.150241130,15.997519290,18.716207250,28.233706630,26.602327820,2.013597444,238.127818900
Laos,332.696710800,654.630395900,186.908729200,0.999126480,10.060270230,53.930523170,53.619090390,45.630305180,6.874532007,38.978595470,1894.803173000,93.357067980,729.096383000,436.958752000,1128.399866000,19.615154730,19.105466940,10.615840960,19.340870190,31.246411090,22.938509540,11.631256370,25.732053740,25.528364270,24.902341850,1.459830587,227.798888300
Palau,2875.030189000,51.001148110,112.215843900,0.000000000,0.000000000,,88.101356830,705.231964000,173.547520800,569.447799200,3517.660454000,25.037219010,872.763275000,419.413094600,1168.617508000,7.789864317,27.036948860,6.900000000,27.281274610,31.344790480,27.334034440,23.554926070,2.357330356,27.581782730,27.285499100,,296.411739400
Philippines,120.206050500,312.374926900,176.144869400,1.180484575,21.022606450,41.500030660,74.856191510,517.320874900,78.538752250,270.030928500,2558.666690000,50.566883820,567.284952600,400.790699900,1065.983588000,11.466605610,24.174761060,8.566267556,24.902677970,31.192638490,25.284997950,19.726032890,7.964718286,26.216920420,25.082500080,1.999443382,270.735605400
Kyrgyzstan,294.995392000,2651.341747000,197.875479600,2.698600976,9.674154256,3.086678781,26.826142100,74.699605440,11.160989950,43.655253070,423.922848800,53.638772220,111.716025600,68.680467520,185.430135400,41.309921510,-13.170042960,11.280483890,-2.082164242,21.475671620,0.990542884,-19.834249890,102.930141900,13.352765600,6.955751418,2.795844935,197.099102500
Nepal,338.201401800,2123.311646000,194.589552900,2.927130887,27.685615960,21.993046640,44.516571640,66.060050490,5.593297037,44.619991150,1362.148090000,99.981141920,739.333069900,356.286913800,886.853402200,24.742143280,7.057627921,11.122219380,8.556681571,25.026690780,13.949691450,0.284547503,48.198243680,19.123028570,18.709537670,2.447196559,174.215986900
Yemen,566.192905500,924.218108100,158.117283000,0.683197090,2.959783432,0.255362060,54.553798050,22.306194450,0.661886125,6.010889779,112.985644600,82.788755250,33.413835170,27.893565910,60.091278040,22.002673230,18.495125970,12.102561670,23.508747550,33.644840040,22.974528140,11.642166820,33.834299170,26.990290920,22.738410110,3.515084832,92.360732910
Oman,292.580310900,274.748434500,166.574871300,0.300171344,0.473385959,0.019527380,46.815614810,22.904216120,0.326599540,3.128099662,59.269699810,95.675442710,6.358653655,17.351089540,37.722615380,23.418103070,20.492626940,11.069175290,27.235580360,37.768066920,26.310486540,14.349963860,41.414416470,31.066398790,24.063273260,3.903983270,70.323073370
Turkmenistan,446.747619700,210.126556600,209.749234600,0.170876900,7.863875679,0.069589831,31.180497330,60.198876790,1.214817940,5.699903636,166.090173900,68.712069070,6.429954816,32.113139550,80.133353040,40.702752350,2.451591509,12.866336430,27.195869560,36.968483040,15.292268670,-3.734269304,99.138206570,28.001167700,11.275979050,4.227009783,125.337199100
Ukraine,58.485445430,178.859987000,172.244490500,0.069417718,68.343952520,11.161721620,24.859548240,120.254488900,30.698551410,103.937073700,568.695473400,27.972861540,198.981992700,75.324702350,202.106656600,33.435639630,-3.581462044,8.445859516,0.150797732,25.503141710,8.097156593,-7.932497919,90.075467340,19.341558930,17.981906800,3.706255752,214.482655000
Sweden,201.515976200,114.761758300,175.474892400,0.061497504,7.070181712,35.803857670,24.947611800,131.970056600,32.554657220,104.930770900,636.332949900,29.686706290,211.908644000,81.850042420,222.228166200,31.353142270,-8.072779789,7.931387903,-3.771737303,18.658699780,2.158851085,-12.694442490,81.012187740,12.827230540,11.546436740,4.313964014,237.276402600
Finland,154.200254200,16.407827910,213.806122400,0.000000000,7.934893442,38.705676200,22.888596820,106.087693500,27.943693420,88.308735620,560.719520700,32.567759410,195.944569000,75.207653280,202.962844100,35.041633930,-10.360361710,8.191896408,-5.851097529,19.693376640,1.268851741,-15.348257290,91.739294440,13.393097300,12.160930890,,
Poland,34.582260780,166.103557600,183.402190800,0.063749957,63.951287500,19.041649390,26.506185780,101.563964200,27.710771870,90.766852920,594.979332100,34.824697520,225.267358000,80.844146940,225.541946100,30.139642910,-2.959161106,8.133189903,-1.124553629,23.214704530,7.636440263,-6.924938378,78.208633850,17.202110740,17.177521220,3.341481273,232.763210600
Romania,59.445067780,400.555819700,174.875079100,0.656033740,57.984632020,22.234260900,30.094699740,112.479220600,33.361597700,104.665015100,626.165959100,35.020626210,229.752461300,90.791733780,241.000686000,31.702431880,-1.576595684,9.699802547,0.075311163,25.171243460,9.006305296,-6.531188414,78.696944310,18.631974310,17.068321380,2.697950932,205.190879100
Germany,33.710074650,251.925717900,181.279037200,0.252723571,61.039855630,21.343536860,31.172509350,160.096027800,43.480899530,141.383275400,730.525466700,20.528748250,233.838453200,82.990731850,235.095256700,25.339524380,0.191292134,8.026680945,2.570198757,22.213165930,8.411319974,-3.126358449,63.605141730,16.466653470,15.912233130,3.402345226,240.368912800
France,33.479894990,332.703334400,193.669685900,0.487681800,60.817347560,16.578872940,36.356830520,212.754276900,49.295614290,167.243407000,815.316919700,16.245851350,190.292132000,87.782522320,241.837930500,24.184650520,3.363004716,8.911717973,11.218730320,23.825729990,10.476583400,-0.358920537,55.371623650,17.547583480,9.638482112,3.369222250,213.412682500
United Kingdom,39.082809330,154.972113600,173.481620100,0.432489756,54.773148650,14.059469500,35.286541650,271.804739600,57.397027820,183.551088200,967.594830100,18.467885040,213.508723700,106.220327300,304.010387700,19.319674370,2.916075146,6.907957221,8.511864357,19.082971350,8.452062999,-0.236703022,44.856750610,14.353491990,5.635635815,4.479387797,248.122687800
North Korea,92.131492000,595.329567700,185.650865900,1.107910702,28.893805040,35.108039420,26.089131560,49.276389830,14.512887640,49.254978360,1005.476962000,94.286588420,604.254851600,264.065389700,616.516575100,42.184035940,-9.295948461,11.208894940,-9.275012096,25.162091970,5.687665767,-17.021943960,109.987014600,19.171342740,18.883857310,2.647153376,187.366286700
Papua New Guinea,1195.376816000,600.241942100,166.127054000,1.440334591,1.162832689,64.383553250,83.311071790,598.481295900,156.658515900,520.042274300,3058.065278000,29.156748610,867.154444300,363.653502100,1015.184411000,10.873687570,22.779510410,9.104330225,23.102844800,29.295112650,23.635025320,18.421425080,5.742532997,24.199005320,23.882957040,1.444354699,290.288316700
New Zealand,212.293161600,473.410505100,181.962447000,1.277507124,16.705057990,36.779979400,46.282226700,444.403457200,97.244057160,343.627770300,1654.207980000,15.578255700,364.211220600,170.024954800,482.905057400,19.756409010,5.384525084,9.233445538,11.454097240,20.595749850,10.206647920,0.839340842,36.216210830,14.732553780,8.218787853,3.457694678,204.888712900
Venezuela,1480.298667000,343.344291200,172.654115700,0.604648562,6.188709681,44.168389320,79.994243750,608.354677100,40.789624260,151.935182800,1944.437018000,60.251009800,341.579258500,311.067202800,862.427454100,12.773311240,24.861871090,10.241589160,25.549049610,32.245968120,25.600367790,19.472656880,5.616859585,26.245577770,25.195299390,1.856682085,252.106191100
Guyana,1576.856868000,218.328104500,166.499421000,0.234293262,1.351236629,58.922810430,79.561859260,532.007328000,69.731700910,254.350052900,2028.937408000,51.343948660,291.307026500,330.080448600,873.204645700,10.892413970,25.326178900,8.718608229,26.484113210,31.929495130,26.000049820,21.037081160,5.686963894,26.773337190,25.681420620,1.677745560,244.318871400
Cuba,74.602414540,95.258261960,179.814720300,0.264007150,39.662793790,26.243464380,64.246070500,112.184839900,29.613281830,108.637994500,1331.358356000,59.663012610,485.221435900,211.103444000,543.218682600,15.930126380,22.351968760,10.317405800,22.450816970,32.611847980,25.033944540,16.681721600,18.861287900,27.193016170,26.677926360,2.278429227,170.208277700
Bolivia,445.129415900,1290.020607000,151.546007700,0.673776684,4.057430677,37.814797680,66.800373210,100.328928400,21.251844850,80.731905430,1148.542962000,75.847197170,399.788309400,198.386995900,537.587464400,19.967082400,17.487279640,13.362064360,18.014099280,29.443647800,20.426653760,9.476565399,19.793127910,22.353321400,22.148081960,2.340412545,196.993405000
Paraguay,367.888825600,165.703115600,143.607372800,0.027189037,21.852775410,23.721867490,56.284950870,151.924677300,36.453861450,133.965704400,1081.581002000,43.269805590,353.119520900,139.501872500,384.039204700,21.643351690,18.901024710,12.268638730,19.345663500,33.842342030,23.394792920,12.198990340,33.169068760,27.258244600,26.327764440,2.621650280,177.790677600
South Georgia and South Sandwich Islands,6537.695715000,457.787797900,155.206164600,2.800699078,0.000000000,1.268627944,45.393167020,453.228362500,96.058201380,309.950210300,1673.291124000,17.739629390,411.824141300,172.993252200,499.840134700,13.506019190,-3.697022550,6.186843393,1.630920150,6.586017282,-0.436926871,-6.920001910,24.697153660,2.628733095,-0.179741264,7.203750325,287.247405800
Senegal,179.924619800,53.625590820,199.344266700,0.002811046,16.310630560,2.510464499,60.623631310,2.910886213,0.000000000,0.421782389,674.660225700,136.296028500,99.630820390,212.868414000,536.418544600,23.644064510,24.688707460,14.404370710,26.904154600,38.838983790,27.635471410,15.194919280,22.162107050,30.410272960,27.702164860,3.066587067,175.165193800
Guinea,125.789623300,433.674345200,183.962671000,0.295806004,1.745471155,17.165344440,62.647698860,408.281252000,3.271162450,21.644736120,1852.815932000,96.757413170,217.203893700,440.168827700,1129.161997000,22.301324580,23.931828440,14.080018870,24.689229710,36.599681830,25.678988670,14.298357260,16.326226570,28.071320960,24.700620090,1.806795424,214.876768900
Liberia,244.729875300,204.702246000,202.137713900,0.049927262,0.021103195,41.796912450,76.854907250,1005.588849000,44.684202470,209.153138800,2703.957070000,57.960257480,444.965909900,460.362098900,1113.738327000,14.269645500,24.519972960,11.010029240,25.733675360,33.115363560,25.583778520,18.845718060,8.077275473,26.421952460,24.933058210,1.419637779,247.810686400
Ivory Coast,121.855094300,259.874409700,169.320996800,0.024278668,2.965242805,18.032779780,69.507580110,461.006804300,13.488699760,76.372984360,1353.614021000,66.831604520,258.823889600,260.932647800,618.552998300,15.278467300,24.784108960,10.601708160,26.230480280,34.226845490,26.232607580,18.948378180,11.427029770,27.744344530,25.598012190,1.886728619,225.077500000
Togo,75.054124180,247.148540300,186.673839300,0.173134875,29.463364290,9.369440969,69.844874680,556.541037500,7.660159494,36.623566850,1191.760345000,75.339244820,186.539370600,220.392704100,591.919604000,16.285049080,24.904786360,11.362629590,27.025547040,35.653541950,26.736264400,19.368492880,13.834169660,28.588086870,25.318901220,2.000121255,223.997048200
Benin,115.203185000,267.042145300,178.513548200,0.038044014,25.279258320,7.591677377,66.176021670,477.592792800,2.106208674,14.011088870,1061.151815000,91.490969400,146.873797400,228.951561300,605.844907600,18.643166320,25.221610310,12.303683430,26.892364450,37.077659650,27.186348120,18.434493330,16.811051830,29.568152420,25.534639160,2.105127204,212.737860800
Greece,53.244773540,441.942531700,164.046574300,1.619042356,35.080870050,15.463108460,34.510470330,266.457681200,17.711366560,67.335187730,705.514265600,47.374985030,72.431285310,107.810440900,291.536912100,28.746864070,5.431011665,10.071051870,21.899421440,29.561649570,13.621534560,0.814785490,65.558519850,22.117761080,7.678426008,2.547999651,165.867812400
Israel,44.861907380,287.372351100,209.233497200,0.923897757,20.914526130,0.329753329,44.346435730,185.945869300,0.000344000,0.014375047,295.978322100,102.550219100,0.452707619,73.284734590,191.735458900,25.700320640,12.751678560,11.530012240,26.006940270,32.947645390,19.845449210,7.247324749,52.951041700,26.134594050,12.939318540,2.969420578,88.599253300
Gabon,553.185962600,369.034442400,187.330537700,0.186369884,0.005527366,52.090856430,73.041178210,61.492928650,8.867174314,56.093180680,1860.299357000,64.680758450,635.245594800,327.908768700,779.052666100,12.738639570,22.905267220,9.351154636,22.953974910,30.827161160,24.502819610,18.088521600,10.218482190,25.485267140,24.748228830,1.322218943,288.333056100
Cambodia,208.420768000,120.866972400,172.429286200,0.248564525,33.676487800,31.196625190,59.744029550,100.156613400,5.092721953,36.093675020,1777.848036000,78.694208550,330.314187000,337.982585900,906.457797500,15.165849090,24.877566410,9.073125778,25.234424510,34.121500070,26.746886040,18.955650980,13.361503250,28.437565050,26.721880710,2.101368410,261.001205200
Taiwan,62.513813820,814.621718900,215.019978000,2.419724198,21.738438690,46.764944240,43.054388170,239.114575100,52.399865880,182.787962400,2557.831732000,70.422022550,1195.088024000,475.252087500,1266.739890000,17.059598340,13.991989020,7.352467629,15.725605460,26.671687880,18.846236780,9.612089546,35.439139860,22.833374420,22.490723930,3.260392844,243.066805400
South Korea,28.466188240,251.154267100,195.356630700,0.711137536,31.760300230,36.657423390,28.347186900,97.933903680,27.594872280,97.761336610,1316.575314000,77.766653480,703.447871200,296.565818500,716.120617700,36.636940490,-1.366561643,10.569857980,-1.145215717,28.590191640,11.137720830,-8.046748829,93.775922820,22.779183030,22.576387480,2.688840701,202.496152500
Bangladesh,33.641793070,29.939877660,168.609545100,0.032539246,68.131359540,15.617915790,43.397181710,34.113353990,4.761917365,33.837177020,2194.098538000,91.064246450,899.022020600,466.051287700,1273.202795000,21.976285870,19.856377290,9.626260079,19.984640540,34.051482380,25.521950320,12.075196520,36.120411250,28.640294310,28.320932610,2.450944208,193.479663500
Tajikistan,587.475084900,2962.817302000,196.089630600,2.611243794,8.437107665,1.311734617,28.043174310,175.017541100,7.094152136,31.700338220,569.954371300,59.527351260,49.440671730,95.734342880,261.161312100,38.366521210,-9.831293582,10.941532580,11.661664250,22.302120120,2.441885087,-16.064401090,91.685615430,13.888497290,1.567253638,2.996939416,185.286202600
Sri Lanka,63.005144970,182.056490600,186.658191000,0.403258764,25.765836320,30.912423710,67.871559690,586.021661700,41.368714150,187.775101300,1882.368390000,65.667331820,366.791912700,343.464747300,864.803914000,11.226705530,24.883066370,7.646920291,27.163684680,32.167919090,26.478432550,20.941213560,11.085890140,27.633156860,25.517400650,3.494907510,247.607039300
United Arab Emirates,213.135331400,110.568979800,218.750700300,0.071094043,2.091783257,0.000000000,45.012458670,43.548522860,0.007372574,0.283719024,72.329784430,127.495829900,0.656837151,27.393630510,53.627161960,26.809541170,19.684298330,12.191372030,32.822977350,40.022686640,27.109501410,13.213145470,54.015506830,33.374692540,22.396313200,3.869895145,69.473158250
Azerbaijan,86.630171980,640.067615000,127.118917100,1.440853262,36.145032100,7.267192230,28.461904130,85.279312840,16.350003010,61.220734910,453.300412100,39.616669570,98.757680390,68.160926070,174.046329900,33.167620270,1.530183853,9.605681011,13.528410490,29.919859050,11.989627570,-3.247761222,81.081137100,22.229816220,13.549605940,2.662134863,191.158990600
Georgia,154.352351600,1163.613220000,186.499404400,2.255906059,27.257998760,27.630138340,33.928219500,190.501402900,46.579793030,158.952420600,973.189282600,31.832519040,291.149576400,126.003456800,338.736238300,30.863356500,-1.400538667,10.600662710,0.437670044,24.088616700,7.989220598,-6.774739800,71.917893890,16.933261380,12.107672820,2.513663489,216.067749800
Armenia,97.294515540,1850.482970000,183.537542300,2.318895580,21.338266220,6.992914644,32.423587750,69.674298830,20.005489630,67.223098120,501.658767300,46.501597750,127.161681300,86.258161910,213.784587000,34.828426860,-4.557721774,11.433959240,-0.585204815,24.358056600,6.165300484,-10.470370260,81.333721860,16.199437530,9.369815974,1.968252839,191.761670700
Bulgaria,89.122412740,467.445867900,160.314519800,0.974942029,52.312496670,20.331504180,30.878072100,144.710997600,35.211584160,117.985349600,609.957720300,22.861737380,160.025341700,73.870403810,197.550154900,30.764789290,0.388302493,9.650658468,9.731697266,26.438637900,10.179378350,-4.326151394,74.679460910,19.566250770,13.330115230,2.724887574,191.349938400
Belarus,79.967550580,161.152738100,173.292365700,0.001425672,51.466340460,24.872894470,24.663696880,111.503656800,29.002858320,100.158781100,624.147714600,32.138259420,231.674538200,84.279293490,231.674538200,32.800247050,-5.302794485,8.228642886,-4.201371801,23.072586930,6.244619782,-9.727660114,87.782105730,17.103049170,17.103049170,3.264417738,232.572508200
Latvia,76.042717890,89.871919360,196.918852900,0.008585396,45.253243350,28.804229440,23.136187640,121.121675400,28.321762430,100.995004000,662.043842900,30.178308710,217.071232000,80.723562850,229.084500300,29.782419970,-4.844977127,7.040892653,-3.509028327,21.197718080,5.681214223,-8.584701888,81.570782350,15.979638330,14.033101900,3.605422622,235.969582400
Republic of Serbia,41.255939440,402.321702700,159.053562600,0.754326532,58.309106260,20.210262300,31.851321780,156.010199800,44.628998820,141.041056400,704.209381900,20.343335740,203.214846700,84.192066080,226.050616500,30.129704830,0.432528005,9.755055778,3.230264254,26.147178130,10.164370820,-3.982526695,72.922437120,19.149547190,16.838937050,2.554396942,203.996019200
Croatia,42.842496980,302.734637100,162.311627600,0.813202640,41.206517600,27.010304880,31.158074520,237.220638000,55.813688600,180.338488300,989.799382600,23.438409060,242.527412900,119.786935200,327.736685200,28.841757990,1.650997259,9.153328956,8.389967256,26.374034780,10.814325670,-2.467723198,69.973957540,19.631068860,13.181149700,2.778315422,202.517220200
Slovakia,44.643646350,460.982419700,178.666030200,0.920666014,49.241447000,32.303098450,30.428936160,134.628559500,39.456641480,123.592230600,753.107243200,32.485915850,277.817181100,102.324981800,278.441168700,30.632974370,-2.466909971,9.478780227,-1.066368971,23.413660920,7.577007208,-7.219313448,74.677249780,16.769678490,16.523357320,2.697062205,223.352468900
Hungary,39.163050590,149.645972100,177.431575000,0.124568102,68.846795590,12.645856930,30.248240030,113.703204600,31.514651830,100.476775000,585.362623100,27.415731440,195.345101600,76.011361500,199.953018200,31.388856130,-0.119491129,9.650082404,1.576906177,26.708131500,10.345613510,-4.680724626,77.525102720,19.829952090,18.826661330,3.098113060,209.247094600
Austria,51.982732610,950.530001800,166.569301200,1.450009486,33.003559340,32.264205090,31.641287700,189.495628600,55.606568070,182.035657200,1049.228613000,30.459251260,378.582134500,132.788797100,379.529413800,28.328667260,-3.203595070,9.129945086,-1.786864617,20.715711130,5.744182035,-7.612956128,68.334764770,14.332712000,14.330182720,2.464692388,231.857695200
Czech Republic,29.953145630,453.474756000,172.733137100,0.540671738,58.755204560,23.753619510,30.060457250,113.578247600,33.370879970,106.685397500,663.828240600,36.156092010,254.498794600,89.587865010,254.498794600,27.938250690,-1.875664348,8.541579305,-0.307225938,22.237250080,7.335684228,-5.701000609,69.864378330,16.081604880,16.080191900,3.214086807,239.023996500
Switzerland,51.438753600,1306.401711000,202.153402600,2.276436531,30.332062820,25.105298030,29.590008110,297.354043200,86.426100490,274.059370700,1338.427735000,18.484794410,401.670915200,146.861186000,415.390584500,24.027511580,-2.623934158,7.276357867,0.632032027,17.885426450,4.929842409,-6.142085134,59.557818580,12.490376920,10.011040330,2.413838105,226.315883700
Iceland,366.518575700,,,,1.698975745,6.748368662,32.434139290,329.250525600,70.204030830,221.250122400,1173.663276000,18.646736420,248.646287100,129.170633300,348.172088700,16.485277920,-3.259753639,5.432529785,4.627689706,10.383741520,1.140137562,-6.101536401,40.420985530,6.736053570,-1.126204259,,
Marshall Islands,7211.812500000,0.225538972,53.789649420,0.000000000,0.000000000,8.000000000,90.494987050,683.335839800,172.469431400,612.879770300,3351.662699000,18.371428570,947.300024400,343.530610900,973.967373200,5.466728962,27.266626670,4.983978304,27.312957460,30.354384500,27.479282580,24.887656010,1.391216812,27.603573000,27.572139810,,261.099025700
Northern Mariana Islands,6667.571429000,55.147683400,191.779922800,0.042471042,1.719901720,41.797619050,69.858012140,271.277061700,76.828094990,262.145738500,1994.836213000,50.017311460,570.473446600,309.953602100,873.899244500,7.437216580,25.187752840,5.189133751,25.525184900,29.985588760,26.329057990,22.548372440,7.367594262,27.024738960,26.828991660,,221.774324300
Fiji,306.664113400,174.997026600,178.832680200,0.795643174,0.000000000,56.360656080,63.504202240,350.304805600,103.936329600,345.224589100,2593.225886000,41.341239690,1009.256808000,362.795907100,1013.624756000,9.803187782,22.403263450,6.253608712,22.454969560,29.308995710,24.082948780,19.505807940,12.390301300,25.571865120,25.516294850,3.175703111,224.392444000
Solomon Islands,855.802863500,216.297354900,116.201291400,1.076349774,0.000000000,71.896227940,84.104905430,660.219841800,179.359415700,609.138654800,3178.808124000,27.373035180,997.338209500,398.772019400,1116.761971000,8.536209870,24.473162450,7.220657500,24.755263900,29.423596550,25.152586090,20.887386710,4.406592736,25.595140810,25.542854650,2.678977929,291.328648500
Tuvalu,3392.571429000,0.571428571,61.071428570,0.000000000,0.000000000,0.000000000,93.975368500,711.325897200,211.425544700,692.851997400,3409.808289000,21.625000000,806.661468500,404.813781700,1125.877670000,6.138731575,27.867482380,5.787500000,27.988732910,31.179982380,28.050000000,25.041249470,1.168763027,28.150000000,28.041249470,,249.741964300
Wallis and Futuna,1457.609626000,27.500000000,161.719653200,0.000000000,0.000000000,0.000000000,80.851740540,530.787004000,156.804452400,521.108203300,3205.408867000,24.254808450,960.114062100,343.979068800,989.770522900,7.094716241,26.214352210,5.776717146,26.271396200,30.694372450,26.927503280,23.599656410,4.556299300,27.370458610,27.335113940,,259.680527500
French Guiana,1767.909457000,139.694592100,156.317398100,0.048612155,0.317135788,65.271555870,75.864605040,803.741469600,69.627191530,259.319632900,2690.906711000,45.730982230,271.599185100,405.910963200,1049.417734000,11.549359870,24.728363270,8.807474109,26.033054610,31.928218360,25.400816270,20.378858490,5.097001118,26.048295820,25.248143480,1.624861319,236.307046700
Suriname,1986.191932000,161.961766600,185.845599200,0.108985456,1.127398812,68.410469250,77.291452920,549.094273700,58.511059800,220.609758200,2251.912337000,49.243719400,225.900322500,365.128338800,942.092621800,11.439697290,25.557341410,8.898594313,27.233077760,32.860456520,26.302830650,21.420759230,6.543671432,27.233919380,25.970991650,1.575777984,236.529487800
Guatemala,178.560459500,732.006358400,185.381273500,1.363598306,14.202067690,43.938707150,68.126830990,204.556281000,36.700715520,126.606874100,1982.391176000,68.096230820,506.072134400,343.066210600,873.602920700,14.787997840,21.030178870,10.152996660,22.324210800,30.208012140,22.931086760,15.420014300,13.120178420,24.351811920,23.626829430,1.726264425,219.575957700
Nicaragua,295.782871900,221.844563400,148.983718800,0.426387198,4.365388068,36.060687660,71.589836930,354.811939900,35.115671680,130.973365300,2289.551588000,66.425367570,481.392236000,382.463074800,1016.724805000,12.747115710,23.821196390,9.204957474,25.026502470,31.641131280,25.047130410,18.894015570,8.654868336,26.036726730,25.209313690,2.264465605,232.995374200
Honduras,288.233348400,625.655927800,175.264804500,1.389379710,3.449149536,42.511778620,67.494830090,265.410804400,34.236079950,127.287382900,1727.316593000,59.794265840,445.958684400,274.479864200,717.479478800,15.269982610,21.681720520,10.405190580,23.356394270,31.525733130,23.638231020,16.255750510,13.459130090,25.135216110,24.053470970,1.925279141,226.724039300
Panama,282.305084800,299.621477400,159.461191000,1.086222969,7.224637397,41.269354250,76.721834160,808.533049500,32.130115060,135.581746900,2566.060966000,59.714344490,417.502115200,411.547843100,1056.365812000,10.977187790,24.357011940,8.431731789,25.119803170,30.825220050,25.020868480,19.848032260,5.454428715,25.759206680,24.577036780,1.831303975,271.105700800
Ecuador,418.592868200,1074.129068000,174.742811300,1.483501622,13.370997370,44.430375770,83.886791550,453.463288300,94.478964900,312.200080400,2058.090786000,48.929466080,629.638306700,281.988258200,780.963532600,11.612255170,20.176764250,9.803834199,20.707142840,26.884642220,20.912012940,15.272387040,5.276301051,21.486163250,21.007412720,1.591968975,283.267710600
Uruguay,146.265595700,110.683246100,196.579478000,0.026059595,22.375667040,9.672512422,46.927645390,279.963469500,78.912814200,260.299063300,1222.064688000,13.201004940,301.680872800,124.978018600,345.180303500,24.186590190,12.065714530,11.470789730,16.561268990,30.795429190,17.523779770,6.608839001,43.919795330,23.254293500,19.084192890,3.942861886,162.740129800
Cape Verde,517.492194000,331.041653500,184.527434600,1.778408459,0.321457273,0.870680628,55.908047650,8.647168082,0.015238189,0.244873215,246.351530400,152.523662200,201.702428600,99.958748990,201.823264900,10.406579090,19.741650950,5.901442045,20.598989130,26.904504080,21.724607470,16.497925060,15.902179450,23.825741770,23.825271790,5.970774580,183.725156900
Guinea Bissau,148.947499900,33.638091320,218.684553900,0.000000000,4.143156537,17.951487900,59.710545560,10.084253400,0.000000000,0.147230802,1656.587446000,127.595461500,111.192469200,517.917559100,1253.209316000,19.780041310,24.719048960,11.797129130,25.899348790,35.943610980,26.603410470,16.163569710,14.805709810,28.455335310,26.156289230,2.470166962,205.807447900
Gambia,106.150419800,25.532725700,199.816357400,0.000000000,25.956566700,3.309044069,60.857871790,1.149735577,0.000000000,0.014165052,792.006589100,136.657995900,144.094112900,259.712697100,644.210904200,23.082342320,24.682200100,14.097127210,26.137545060,38.044173750,27.230200480,14.961831410,18.578036260,29.520207230,27.157195040,2.710935042,192.107282800
Sierra Leone,115.664739100,198.320616200,208.967695400,0.159177997,1.003958910,31.781835470,66.292120630,1271.990367000,8.782608288,54.425059020,2714.774506000,81.364834920,309.530892200,537.011168800,1441.199835000,16.044232040,24.793271050,10.586608920,25.840090850,34.440873870,26.038790720,18.396641840,10.753214240,27.506165390,24.913651030,1.616442266,236.736960000
Albania,73.830855560,651.815540600,192.130326400,1.890075290,23.346086600,12.804628880,33.169412810,392.508789200,40.088480050,138.154620000,1151.097474000,38.546628930,138.334670200,159.046065300,435.874661000,27.081549030,3.579895780,9.114174371,19.573205940,26.275636390,11.467486790,-0.805912645,62.668515060,19.577415980,5.267449973,2.472693504,181.131112600
Montenegro,77.229078140,1033.036137000,173.344972300,1.943118323,16.066074250,30.730638670,31.486456970,364.618445900,66.281037560,223.216332600,1266.377902000,21.986191000,226.368790100,150.467237000,410.633433400,27.167489720,0.120511339,8.701164580,16.011551540,23.038092990,8.471448906,-4.129396719,64.826932870,16.658687570,4.116106447,2.419002458,201.729249300
Kosovo,24.354094910,824.812965900,177.009331100,1.595959077,40.158511820,19.804955130,31.612976200,220.211259600,52.608892620,169.949423800,847.350349900,17.005293750,177.338307200,94.389938180,254.013487800,29.714831420,-0.309952814,9.542772062,15.454511980,25.015860930,9.166762996,-4.698970490,71.384473850,18.006450660,6.321306263,2.153968018,200.810063100
Macedonia,69.047545530,802.335871400,175.274021300,1.895540194,35.370397970,16.950906690,33.766059230,166.480722500,36.870287300,119.154179000,642.062617000,21.296963640,128.533961200,76.261159930,199.147072600,30.685239360,0.490646328,10.510617990,17.036341240,26.382740970,9.789268392,-4.302498388,70.806597440,18.642525780,7.675625917,2.195983124,187.933811100
Northern Cyprus,39.453272520,89.769094440,161.880243100,0.528399021,60.868630400,2.131334357,40.938037400,214.261127900,0.593331417,4.952406456,402.442562800,89.468083020,7.575595112,96.862468790,230.001053900,28.137032700,11.452693990,11.672586660,26.362141050,34.041448610,18.813576890,5.904415828,59.913297640,26.449039530,11.459496840,2.997593140,126.990257600
Cyprus,35.726800740,328.118414900,156.658944300,1.482844022,39.128144340,7.909843282,40.348213410,320.014502400,1.851776584,10.332994130,563.042532900,93.745736070,11.163842900,133.055067300,340.812114800,26.941254420,10.189025670,10.994229750,24.693814480,32.135421480,17.364472680,5.194167089,58.073764340,24.759707530,10.204455480,2.739476007,116.771612000
Lebanon,38.076196970,949.768036800,245.337082600,2.886782145,27.636005580,1.215264123,37.006913260,487.086739000,0.499958696,2.690723018,826.040142100,96.584597220,4.600508952,190.005039200,499.192047800,26.231327340,7.278014927,9.839470174,22.037337900,28.892479620,14.925672240,2.661152298,59.097320970,22.169209310,7.306271706,2.970357510,126.930316200
Djibouti,231.982021400,480.613804400,168.792009600,1.233939035,0.000000000,0.755656646,46.959993020,37.716633230,3.431423539,23.725871460,180.497039700,56.268089290,54.638941160,33.489797770,77.531110800,20.042608070,23.293361720,9.517264604,28.895762230,38.441772260,27.797015360,18.399164190,36.013570340,32.356880660,30.154267110,3.668666904,139.492496600
Comoros,110.982618400,262.139927600,164.042219500,2.628709288,0.061766523,45.457612180,68.177427840,258.939167500,55.120177930,219.535751000,2115.120762000,54.541866070,865.135313700,350.879604500,920.909304600,10.816962300,20.462463200,7.428582150,21.077724260,27.246052230,22.273621730,16.429089950,12.654729750,23.550343800,23.527016050,4.302230358,185.418024700
Burundi,39.172684040,1514.864442000,174.021541100,0.951510393,26.067228800,12.967609330,75.568599400,168.078849100,3.211205212,28.403379120,1179.876143000,63.589451560,206.014048800,190.586961700,486.834240100,14.883688830,19.209779610,11.287714630,19.406961560,27.296647060,19.853614290,12.412958220,5.262054098,20.474415990,19.803242390,2.052875048,254.940754700
Rwanda,58.201083600,1736.716146000,149.473235000,1.004901225,53.832101280,15.005700240,85.288975630,273.454404000,10.972077130,70.491538770,1158.819444000,51.524656690,224.242124900,182.576388400,445.041504100,13.045567510,18.558160920,11.180611250,18.795308120,25.581586410,18.866050760,12.536018900,3.000839262,19.212680900,18.782983450,1.830531010,267.688037200
Lesotho,139.333988200,2154.672672000,226.939415300,1.457283017,20.350943520,4.743162573,52.064285540,48.301546980,11.643850480,47.226017260,742.627439900,59.573834540,313.175106500,114.515920400,318.277082300,25.938485690,5.949420724,13.631818910,6.018517309,23.826256750,11.792732270,-2.112228945,41.891182030,16.622698650,16.313015430,2.776451097,128.523942600
Swaziland,57.995116400,729.147762800,134.820213900,0.917770142,30.503469660,13.869002980,58.630386980,46.111334230,13.132121820,46.107565670,906.567437600,67.255931380,426.381600000,153.874164200,427.844209300,20.649156020,15.037687600,12.183354150,15.040102560,27.874770450,19.191170210,7.225614432,28.927200080,22.360577140,22.242970440,2.171290695,169.943330400
East Timor,163.955505100,440.723457800,169.751015100,1.784597250,2.369984645,30.391132910,68.045015720,200.293997000,11.425283190,61.658123620,1729.861278000,66.619561470,590.551863500,283.287859700,785.356244400,11.594178970,22.736958940,7.947656891,23.446712240,29.826672300,24.212362800,18.232493310,9.779100798,25.226229490,24.786050240,2.159211409,224.909840200
Bhutan,501.283159600,2860.925351000,181.596212100,3.698393970,2.422378376,49.899242230,44.838274540,23.091998080,3.884030065,21.313840280,1509.813029000,98.458241110,899.312164700,354.210803100,927.580065500,25.927247230,2.968869514,11.756949650,3.426032233,20.374464730,9.953483074,-5.552782500,50.859741270,15.889913630,15.840825490,2.439829096,226.079646800
Kuwait,97.957510630,119.724600600,94.236726750,0.005223269,1.827485380,0.000000000,36.725491920,53.803478340,0.000000000,0.105210984,107.217116500,89.922296450,0.105210984,22.272174430,59.765908210,36.741004070,13.355194610,13.690334230,35.217450170,43.841694530,24.802102100,7.100690466,85.667018780,35.217450170,14.987121380,4.494017387,91.491975370
Moldova,59.490000250,143.147971600,166.728336600,0.117984710,77.528019010,6.905159821,26.943991330,104.306541500,27.695005230,97.449658980,555.509792900,35.771417120,208.400852300,82.391812860,215.714541300,32.664209070,-2.081683378,8.971029299,1.784058964,25.959213550,9.331874031,-6.704995521,85.938695820,19.843890430,18.407383610,3.578615824,204.571721500
Denmark,55.215716190,27.273145680,189.665082900,0.000000000,65.145727590,10.083755460,26.289449100,144.152886400,37.990400710,124.820588700,726.664688000,23.837714400,193.981230300,81.735940130,237.113279600,23.176427780,0.347740766,6.212307843,2.449916541,19.469034520,7.725706147,-3.707393261,59.314810580,15.318851940,10.054043640,4.689150577,239.080289700
Lithuania,52.249085020,103.248738800,195.507795200,0.004472962,62.384295490,19.707129600,25.428435260,122.414249400,28.974460500,103.505617800,661.908111800,29.144595280,225.169916400,81.898339170,228.878898000,29.967914840,-4.296542369,7.774690331,-2.623956740,21.847575780,6.197887420,-8.120339063,80.149496690,16.190534350,15.458191910,3.586398669,234.116486900
Estonia,77.888297240,62.838708350,187.797632800,0.003505444,32.338337520,33.113624500,21.762088380,119.711040300,28.921991910,97.249531200,635.137127600,30.775456490,200.024730200,76.933502010,218.839322900,30.765753190,-5.590845799,6.844790525,-3.218733986,21.250339550,5.063855341,-9.515413632,84.030111200,15.885034240,11.948421930,,
Bosnia and Herzegovina,73.434429780,710.187995700,160.886944800,1.352818325,37.555605930,34.447444140,31.829398100,259.087867100,64.492531090,204.197032200,1035.955170000,18.598638870,250.690245400,118.868078200,324.275330600,28.600933250,0.079367043,9.273848338,6.244443811,24.594351930,9.072414337,-4.006581323,68.540956090,17.702624020,9.658404543,2.315268423,209.524848900
Slovenia,41.524053520,561.978721900,156.417919200,1.198477085,35.291130060,43.622445510,30.542711670,227.671924400,65.778921150,206.646424000,1173.159014000,21.838897040,342.068972600,128.091256100,368.081582500,28.923570530,-0.345223878,8.990989517,0.870878122,24.312693940,8.827378020,-4.610876588,70.269835450,17.711443100,13.580336700,2.214353859,216.545515100
Belgium,14.387728650,143.457493900,218.850361100,0.095365979,60.776216260,15.083152380,33.251481450,213.999746200,56.291713860,183.645092300,850.204724200,11.331828170,223.204346600,83.650952930,239.422012700,22.430833940,2.434042348,7.576101917,5.916118734,21.705316560,9.524934115,-0.725517376,55.158595960,16.431881890,7.706426273,3.876680127,237.915403600
Netherlands,10.963779830,8.319472995,180.153585400,0.000000000,60.493921670,12.983557650,32.273939610,187.351291100,46.270278160,151.630381400,782.344580300,16.388835140,215.711253600,79.353671850,227.612488400,21.714995370,2.481932744,7.122868598,5.140047222,21.154355740,9.282128726,-0.560639633,54.002773420,16.096556410,12.745744160,4.399983413,240.966744100
Ireland,41.546904090,104.375831800,183.173669200,0.288890499,72.599574900,17.472845910,40.638920170,312.456995500,63.222023020,203.962904200,1071.963412000,20.308718710,230.358955700,120.129493900,336.872816000,16.810983960,4.776332720,6.918358698,9.524349288,18.508519330,9.132882866,1.697535374,36.509062060,13.915440990,6.212328650,4.619187709,245.559695400
New Caledonia,174.106425200,189.878679700,130.661108000,0.915273080,0.000000000,42.947733280,53.771369710,240.204185400,65.091510680,210.250782000,1587.782907000,45.398557110,676.356639300,237.568746500,676.356639300,13.471810650,18.713066290,7.308208285,19.849859190,28.213826670,21.691311770,14.742016050,22.512179360,24.496604370,24.496604370,3.457803196,196.330875000
Vanuatu,2308.790989000,249.510255300,155.302141300,1.264881400,0.000000000,67.456741090,67.901004240,426.996447500,126.538457400,425.159882400,2763.123939000,33.487367050,996.930157600,355.198827500,997.001429600,9.327631674,22.400121960,6.362577612,22.477336720,28.603485850,23.765500290,19.275854110,9.941862520,24.934854280,24.928590180,3.788219148,244.825856300
Tonga,2345.069143000,13.326352530,144.919720800,0.000000000,0.000000000,42.041881440,57.580070540,331.856286700,92.706242610,302.063594100,1793.822508000,31.492873720,661.040330500,238.196741800,661.040330500,10.539139430,21.838252930,6.108755589,22.579951670,29.545137840,23.868523470,19.005998190,15.769324520,25.891838220,25.891838220,,232.130901000
The Bahamas,383.471231100,2.938472339,159.477615000,0.000000000,0.265083847,20.901207570,47.929992060,133.178974300,35.576142640,124.608087600,1174.598886000,55.593490320,427.483060800,185.430032100,491.642120100,14.677456380,21.281446580,7.083066126,21.657067190,32.001863870,24.811669110,17.324407550,26.280129010,27.967073460,27.230485370,5.475842281,204.716667900
Dominican Republic,84.631665970,390.744872100,150.432035100,1.233995077,13.116484550,30.038221570,73.978274080,198.575354300,50.722559260,169.906512300,1374.256129000,43.539398760,404.038580400,198.664849100,494.525606900,15.077019950,21.999394790,11.234627330,22.395863620,31.114389810,23.851932820,16.037369850,12.809745290,25.260752800,24.567113350,2.271360008,182.418162000
Haiti,63.963972640,416.162242300,168.435960300,1.634559253,5.876727237,16.196599560,72.778546430,155.388805000,39.882456620,141.793821000,1541.271748000,52.873604930,481.959202900,240.787627800,592.498624500,14.788715440,22.046650610,10.857810480,22.244621860,30.715825350,23.753442980,15.927109870,11.761254040,25.063089430,24.606206340,2.618714275,184.130848200
Jamaica,62.703072970,284.079116400,186.199516500,1.221781174,5.287513276,44.242593190,68.761208520,237.756785900,62.941455180,222.659642600,1865.560619000,46.935521160,521.345908600,299.860959000,729.068126400,10.442675340,22.426226480,7.228676905,22.596010550,29.017778000,23.821037870,18.575102630,9.946856772,24.941935770,24.470266350,2.196614717,189.808667600
Belize,256.157201200,167.666728600,138.664499500,0.394369765,5.264745164,57.277894550,62.991892530,346.616910400,50.555938720,174.999033300,2061.002562000,53.521756080,598.276504800,329.506175100,847.356395900,13.056622630,22.576522590,8.289351592,24.353063350,30.968141290,24.796721760,17.911518630,15.732457120,26.371050200,25.814912220,1.762979269,207.854620200
El Salvador,43.054237230,425.131301800,178.834998100,1.324855428,19.648717360,32.417799310,75.588856870,211.950947500,2.611128914,13.446707660,1834.018769000,92.184483720,256.917572400,372.306681500,958.336783900,16.052285630,23.429932920,12.205277810,23.879372020,32.686128140,24.394921700,16.633842540,8.196055426,25.558329300,24.192729450,1.816505662,199.371092500
Costa Rica,151.279048200,540.975745500,157.137145100,1.701519475,13.954799180,47.904799560,77.264963370,762.574116600,63.022430420,235.644200200,2972.137701000,57.857969670,528.885779800,457.749954200,1201.438741000,12.796143000,22.635070970,9.933592432,23.710789860,30.282792790,23.497203660,17.486649790,6.952515557,24.448107990,23.195200020,2.202033163,257.854858500
Falkland Islands,2110.742132000,51.282393460,168.883904600,0.230231419,0.034118048,14.123178320,51.153600750,125.163921800,32.425652350,103.055550300,547.021712200,19.694090590,161.265910300,64.253881870,167.760211700,13.824243690,2.316560258,7.136336339,3.992619051,13.301963540,5.684110336,-0.522280151,26.247904030,8.886888323,8.826773068,7.634666020,240.732632400
Sao Tome and Principe,167.029297700,336.232963500,153.220681500,2.089936609,0.405268490,38.367398920,70.421808400,95.929876750,11.299165730,95.823763880,2282.339094000,59.938202890,729.616934000,383.259644100,897.661513000,9.678778307,20.961902440,6.855365776,20.962025860,26.871392810,22.176818450,17.192614960,8.245179884,23.067111530,22.462731500,3.465458135,290.021924500
Equatorial Guinea,215.354024000,426.610776700,213.532889000,0.307758608,0.000000000,54.567264690,76.994198830,300.620045200,26.447649750,186.373291200,2213.812975000,57.195078560,631.184783100,387.613463900,912.274224100,11.175328830,22.147514450,8.666209497,22.470501290,28.986298290,23.250489280,17.810969460,7.513437880,24.008254570,22.930086120,1.318612762,293.605529300
West Bank,20.174830250,377.712835400,168.299162800,1.804733338,9.904474610,0.234512098,44.762483310,255.439971100,0.000000000,0.000000000,403.033492400,107.586968100,0.002275405,99.541615510,262.176613300,25.887690360,12.102901890,11.721613780,25.668352910,32.796960190,19.406197880,6.909269831,55.024018610,25.789506040,12.106839710,2.685763690,88.988361960
Brunei,206.261062400,82.391760440,216.136588000,0.229437387,0.259043390,66.879106380,88.841501540,824.356369700,207.649094700,676.937479500,3437.401375000,19.543357580,800.818586800,368.658822900,1075.969140000,7.577514466,26.527662010,6.770479181,26.929227490,30.910473960,26.942717350,23.332959480,2.994483126,27.306913040,26.741269280,1.382166001,305.235711900
Siachen Glacier,2298.521197000,5428.765033000,158.354930800,2.868610944,0.000000000,0.630227509,27.241440540,9.952122012,1.667851304,8.353371167,74.028031980,59.040899350,32.975451460,15.315400910,33.933772270,39.901259250,-21.204451430,11.059694220,-18.081844040,11.775206700,-8.345500413,-28.126052550,97.536212680,3.782158092,3.679794376,3.411045018,248.212003900
Maldives,,0.000000000,16.744186050,0.000000000,0.000000000,,,,,,,,,,,,,,,,,,,,,,223.989534900
Qatar,53.784643030,27.303293760,171.712224600,0.000000000,0.579871316,0.000000000,37.348468770,41.976456330,0.000000000,0.000000000,73.214458930,97.460825970,0.000000000,17.476898930,46.197717490,27.392610030,18.228788150,10.381043630,34.233502640,40.402529270,26.818223150,13.009919230,62.896290720,34.233502640,19.018686770,4.525723641,82.370607020
Faroe Islands,1444.616397000,,,,1.990950226,10.894526320,35.392672140,418.927614500,70.352229450,224.814221900,1449.096076000,29.125307870,292.490548300,169.090738000,486.219637300,11.861446270,2.703065454,4.257532592,8.190782330,12.334336170,5.789642698,0.472889944,27.885687500,9.491812281,4.523676178,,
Samoa,206.553504300,434.793549300,180.218101700,2.364876385,0.000000000,67.822899330,79.865906160,514.424150200,146.990453200,481.127758100,3938.534873000,43.878403900,1385.113056000,592.525798100,1552.554193000,6.895600798,23.570404490,5.529925522,23.659356280,28.036269200,24.228480950,21.140668350,4.286702962,24.670385700,24.577238430,5.957264220,235.709999300
United States Virgin Islands,292.359430600,39.281287250,151.904648400,0.000000000,5.230769231,33.097933510,68.307536650,154.824358000,43.539268700,154.116970300,1101.603575000,36.916189710,289.980977500,144.560916500,414.295687300,10.095024380,24.576477550,6.939988821,24.581442890,31.022807880,26.119430150,20.927783700,11.261605860,27.372689310,26.757456230,,195.360354600
Puerto Rico,25.705814050,215.465652200,147.039266100,1.063235235,5.057847855,34.459768620,74.092769440,242.180997200,68.709852270,239.702171600,1866.971980000,37.658576490,571.440598700,240.982781000,667.691948900,13.655974670,22.401188840,10.196884670,22.463369940,30.552476010,24.107174560,16.896501320,12.210360650,25.427359650,25.209797310,2.325771886,183.697237200
Trinidad and Tobago,46.905218910,44.160402620,181.234926600,0.197292741,1.819330385,47.106234140,78.997624260,364.295091300,64.427363920,212.818970200,2060.409259000,44.367347960,503.451163900,270.387256200,762.308251500,10.698784020,24.857441130,8.505857126,25.434710000,30.929250620,25.834513510,20.230466570,6.323938022,26.343353170,26.034638170,3.515222509,229.787520500
Cayman Islands,945.189415000,2.829028290,168.595326000,0.000000000,0.000000000,33.506557380,64.459288970,106.242220000,27.060165020,103.711524000,1307.577653000,57.741251290,465.041272600,200.170893500,533.563165000,12.114980380,24.425226360,7.876925225,24.482873790,32.150340820,26.348203500,20.035360560,13.812805920,27.934058690,27.470037590,,201.368819200
French Southern and Antarctic Lands,10897.463440000,149.476682800,142.519023000,0.918428467,0.000000000,10.732881180,50.471705250,211.623195200,52.229374330,171.279870400,778.998906800,11.492428370,173.768749500,76.122793260,216.944524300,12.053499190,1.085169906,6.140645507,6.338283755,10.445451260,3.670423679,-1.608047931,21.755867040,6.524368036,3.910329496,11.187699300,293.477474800
Gaza,8.607368421,43.238709680,310.879262700,0.000000000,71.627906980,0.017929529,42.112550450,168.880964900,0.000000000,0.000000000,269.031356200,105.994162200,0.286839578,64.883935130,172.482396400,21.871485280,13.873884060,9.313504506,24.918484340,30.439654610,19.766196940,8.568169606,44.792243310,25.242831720,15.600535760,3.708865722,125.119251200
Mauritius,17.602964650,224.869743800,186.216311400,1.245061608,29.056415380,27.790543040,54.398529580,266.516278400,58.558380290,208.750780700,1853.244102000,51.515521630,805.973990000,297.610625400,805.973990000,13.066582340,19.247568320,7.181395845,20.229421120,28.540282600,22.029374970,15.473700290,21.548602400,24.660361560,24.660361560,4.723604554,155.095653200
Hong Kong S.A.R.,4.080684597,106.318277300,208.913865500,0.386554622,0.354295837,38.005651980,31.252466950,102.524139600,26.671779070,89.840979340,2106.183055000,76.022615600,1075.754797000,373.634439700,1077.352630000,19.339453290,15.554316200,6.154008842,17.311683140,30.875025170,22.212717640,11.535571630,48.590841900,27.673522970,27.673165180,3.149489046,250.691075800
Bahrain,10.083662190,11.720930230,141.833979300,0.000000000,7.095709571,0.000000000,33.052935210,43.660024770,0.000000000,0.000000000,70.147409200,103.631098700,0.000000000,16.872135020,44.247609120,25.109418020,17.970326360,8.434326021,33.338552720,38.709582090,26.242718350,13.600163730,60.748245790,33.340458310,18.441295470,,104.681371100
Aland,235.068864200,,,,21.021611000,40.908568600,24.188948340,114.723856000,26.964628660,83.600484540,539.369582400,33.085484250,157.003393100,67.532486140,187.392111000,27.698693310,-4.101204694,6.882545390,-1.280922106,19.595752330,4.515329643,-8.102940952,72.670694110,14.357983590,9.901886490,,
Luxembourg,15.388339300,371.043885500,154.542727800,0.126920648,52.996254680,22.402939850,32.300773850,231.884493100,59.059084600,192.773935800,892.841467600,11.158994490,229.425272300,89.859016520,253.880092700,23.327228810,1.240739778,7.638417077,4.638635123,21.698634170,8.588748586,-1.628594638,58.184137450,16.076530930,2.616115686,3.529447046,241.423014900
Turks and Caicos Islands,760.676829300,5.556179775,111.912359600,0.000000000,0.000000000,11.311140700,57.799073230,129.891067500,30.179449270,109.861853600,686.708199200,43.263129970,150.813302500,111.182979000,286.394480600,11.528926150,23.717937840,6.729817472,24.315933400,31.762529390,25.945841650,20.233602690,17.098602100,27.965732200,25.683472400,,190.278581500
Antigua and Barbuda,309.905555600,22.291630720,210.159620400,0.000000000,2.444444444,15.221174000,65.084202940,157.741605000,39.662102050,143.942040000,1058.625338000,32.823852990,326.561226400,133.212616000,371.109159400,9.133709460,24.723989660,5.988154354,25.226852220,30.579245810,26.351098130,21.445536190,11.256879700,27.510041820,27.272983910,,195.127620800
Saint Vincent and the Grenadines,412.158590300,289.594951900,227.133413500,1.409855769,0.000000000,25.975609760,76.583985560,348.061352100,91.262201260,295.694055000,2334.770020000,37.922920190,775.905520500,291.903185400,801.893663300,10.136659240,23.575714210,7.800890800,24.075352280,29.625893940,24.821276990,19.489234560,8.406358427,25.572551910,25.337135190,,225.333173100
Heard Island and McDonald Islands,12517.768260000,199.868494700,180.710128700,3.651930610,0.000000000,0.552661382,46.492680960,241.717974400,50.672813290,168.323019900,859.713698000,17.050940780,172.720993700,91.074981400,252.933863200,11.773168020,-0.586347684,5.507511566,4.910070440,8.702874537,2.078844682,-3.070293485,22.766999500,5.098695739,1.411318874,,311.844683800
Andorra,85.971635880,1937.494723000,193.007255900,2.775065963,3.482587065,29.989775730,32.213091610,284.534125600,81.346934780,272.154838000,1247.053337000,13.587916390,289.424132200,132.174894900,351.412042400,22.738293620,-1.989974645,7.446804914,4.336232272,17.205721260,4.223642604,-5.532572353,54.196351010,11.567079280,5.145693849,2.603284374,179.093247000
Malta,7.364351245,55.894610780,153.784431100,0.000000000,41.265060240,1.539961014,33.821479970,171.716176600,0.000000000,8.729231179,515.614869000,80.558657490,41.281097750,95.955649630,268.808142800,21.116040630,12.466210820,7.254593206,24.658449160,30.245336580,18.375226830,9.129295832,49.935426180,25.082530570,16.960434520,,133.266257500
Seychelles,4222.158960000,63.094382020,172.303370800,0.651685393,0.000000000,40.503311260,66.575508160,294.373737500,69.385706090,236.182336400,2266.971241000,48.343979340,546.581460100,382.096994700,966.771084700,6.269919077,24.529867780,4.197009502,24.734888810,28.882525800,25.294680580,22.612606520,6.114312331,26.083966280,25.244701720,,244.569606700
British Indian Ocean Territory,4155.333333000,0.573913043,61.904347830,0.000000000,0.000000000,,70.928646090,523.821587700,133.035637400,424.499901900,2492.606846000,26.964360310,525.964126600,316.571359900,829.285823300,7.107135391,26.400000000,5.100000000,27.100000000,31.007135010,27.300000000,23.900000000,6.401380245,28.089279280,27.585707750,,243.547391300
Singapore,0.969004894,18.159420290,158.743961400,0.000000000,19.057377050,21.770177170,85.106891630,787.475731600,155.854221400,485.075805300,2401.835680000,23.150675000,518.453020500,309.050390000,819.495724900,9.275178079,26.257639180,7.946948974,27.151451560,31.477482510,26.876565090,22.202304280,4.101879945,27.325392850,26.288777850,2.085953213,322.185346200
Jersey,3.258278146,29.382231400,182.250000000,0.000000000,73.684210530,8.724505327,31.940721260,275.711073700,43.571842830,143.245589200,850.813991400,30.290797250,143.245589200,107.885344500,307.275670900,19.577432880,5.741522814,6.341639823,17.284154680,22.406203330,11.777925150,2.828770126,48.516097790,18.048804000,6.885735159,,252.051420500
Isle of Man,211.440115400,137.483312700,191.415739600,1.109600330,61.361256540,19.552800560,36.165011320,277.528905100,60.040326140,182.448749000,1009.811322000,23.979603910,214.763719300,113.524874800,332.547658700,17.616425430,3.111931245,6.471304541,9.715297321,17.686072260,8.053298957,0.069646813,40.745665470,13.426839550,6.086844767,8.120622635,252.756695500
Saint Pierre and Miquelon,329.807571000,21.947916670,221.851562500,0.000000000,0.000000000,22.514601140,25.649626720,325.369654600,97.672377770,305.896437700,1367.129071000,11.926573190,327.377236100,139.191636900,401.209889600,26.294456230,-3.139995459,6.878433559,1.733730272,18.789493790,4.840643203,-7.504962411,64.228996100,13.556133960,4.291081006,,266.956510400
Guam,6135.716592000,70.695652170,176.785770800,0.173122530,2.195608782,31.465770170,79.605344420,294.133109100,76.263156810,271.357906800,2338.735396000,50.930544350,545.188159800,378.428575600,1011.031638000,7.347561464,25.998718920,5.876622778,26.352232270,30.406509510,26.735471390,23.058948230,4.533865387,27.165399490,26.891203230,,236.050938700
American Samoa,323.064327500,58.776699030,202.051779900,0.000000000,0.000000000,45.114754100,77.366198860,626.135508800,180.208549500,611.227141900,3586.535660000,23.291470330,1060.136302000,388.291455900,1135.192036000,6.995725837,25.696020370,5.432345654,25.859011260,30.213656320,26.484122870,23.217932000,4.975535442,26.976769590,26.837154970,,256.029854400
British Virgin Islands,305.821989500,29.368715080,183.435754200,0.000000000,0.000000000,30.753233830,65.820403670,170.070883600,47.820595970,165.774712800,1141.785782000,35.985665990,300.757243500,151.340170300,425.606557800,9.538809671,24.483968290,6.329324881,24.544375800,30.695428750,26.025416060,21.156618430,11.611640440,27.334814430,26.693730420,,200.425419000
Saint Kitts and Nevis,450.633644900,41.061389340,170.581583200,0.591276252,8.906882591,29.000000000,64.518562040,226.915304700,59.442261120,205.135085900,1374.373496000,30.326374710,440.581237000,163.943891500,471.486064600,9.118247182,24.314346130,5.926154998,24.745641430,30.188401760,25.884843390,21.070155070,10.998535780,27.036461220,26.921256010,,203.685581600
Grenada,486.831983800,115.865079400,148.441798900,1.000000000,0.000000000,43.610535410,80.195340070,291.149061800,60.960406250,209.770804400,1960.288144000,41.371772630,639.479558900,251.383885300,679.944244400,9.691557520,25.500249540,7.809293186,25.911017380,31.010362450,26.396628910,21.318805450,5.774512303,26.891291070,26.777489040,,225.365079400
Saint Lucia,190.123488800,194.281491900,173.793807200,0.831808586,0.175746924,45.393176820,74.770704940,290.541113600,75.591620780,255.766428300,2041.904508000,39.277568330,652.478168700,269.570552700,738.820586900,10.284893000,23.762010420,7.745011452,24.199334500,30.180388150,25.190609610,19.895495150,10.050765730,26.188212060,25.709167480,,195.568138600
Barbados,8.609394314,118.819900500,132.568361600,0.589830508,41.791044780,20.043498820,75.743209170,233.337853400,42.672003230,151.750602000,1379.786745000,45.782878740,448.197731300,188.390755600,547.024777100,11.251244860,24.018678100,8.576088273,24.593376410,30.460915150,25.338355690,19.209670230,8.672847092,26.127995400,25.791960060,,203.558607000
Dominica,213.662956100,273.118598400,147.035040400,1.707816712,0.000000000,61.224232080,73.212831350,429.835612100,125.117936900,401.416586700,2735.193828000,32.285369070,879.185302800,323.408518500,927.057024200,10.434199070,22.075530470,7.682265555,22.404189530,28.451122850,23.468547500,18.016923770,9.770777476,24.469669740,24.279723220,6.523897171,209.421745300
Curacao,295.117056900,22.192837470,125.145087200,0.000000000,0.000000000,7.941614907,66.001722880,106.199621800,14.611108440,55.535996980,559.425622000,64.053584700,151.461307500,108.487622000,278.175799300,8.552168605,26.036182730,5.690164150,26.858633080,31.812932970,27.299517390,23.260763950,8.778123161,28.284584800,27.324441110,,219.838154300
San Marino,13.961702130,285.612766000,35.234042550,1.710638298,76.842105260,5.594596420,30.124468090,161.946343100,48.628656910,158.245079800,749.496077100,17.308311170,166.651529300,86.453324470,236.528989400,27.329521280,4.255412234,8.376482713,5.177998670,27.493085110,12.697433510,0.163563830,66.566184180,21.249401600,13.737546540,2.775964260,182.827978700
Liechtenstein,42.212475630,1025.146199000,136.692007800,2.015594542,41.871921180,30.209226770,31.136543620,215.548397900,65.449591860,203.773726900,1178.206384000,28.146290200,418.661275600,146.448617200,419.564632100,26.060562870,-0.970202851,8.260986233,0.256478436,21.098370490,7.392415936,-4.962192373,63.741349290,15.347478070,15.345163260,2.198319334,233.292056500
Guernsey,120.478947400,30.194736840,198.110526300,0.000000000,17.808219180,9.711111111,33.972214770,279.977201900,42.241700970,137.091265500,842.480554800,30.000000000,160.673488200,104.816183400,299.562735000,18.442598540,5.703234422,6.338358365,16.965577740,21.310073850,11.287885640,2.867475318,45.049867080,17.046927670,6.861701809,,233.925000000
Niue,2016.964912000,49.461988300,201.111111100,0.000000000,0.000000000,,61.039535400,340.656886800,96.694456040,314.830720400,2009.225549000,33.549573140,729.722404300,263.684650100,729.728867900,9.275202363,22.869843120,5.700650213,22.948387350,29.522071350,24.578429700,20.246869410,12.803907870,26.201111170,26.199816070,,233.867032200
Bermuda,3709.754098000,6.692307692,177.507692300,0.000000000,0.000000000,,34.522851930,356.824952000,96.566432190,318.386568500,1476.939901000,13.094229530,390.647509500,162.964930900,434.632044100,15.504017390,17.218215360,5.442345957,19.158388160,29.921145880,21.535895240,14.417127400,36.302741320,26.442615790,25.534610600,,228.356730800
Anguilla,762.500000000,1.793721973,105.964125600,0.000000000,0.000000000,7.810593900,65.100144960,160.933466100,44.566767500,153.700046800,976.466652400,31.599825800,282.599989800,122.433389300,348.599981700,8.959989548,25.493355100,5.870004387,25.886688030,31.386660360,27.043324380,22.426671090,11.371226030,28.276663110,27.739986170,,198.976513500
Saint Martin,733.153846200,54.764705880,21.176470590,0.000000000,0.000000000,7.500000000,64.909126980,162.909726200,44.272879170,154.818844900,1014.095193000,32.272659300,305.365217700,126.636858900,365.001714500,8.999996393,25.536325070,5.890909091,25.927232220,31.399961160,27.063586980,22.399963380,11.239088250,28.254495520,27.745412380,,203.000000000
Sint Maarten,733.909090900,38.875000000,73.875000000,0.000000000,0.000000000,7.500000000,65.120754240,162.963382000,44.367063520,155.192662800,1020.016504000,32.584471890,306.551116900,127.839325000,368.364888000,8.982924576,25.498399580,5.895000000,25.884073180,31.361330110,27.022692870,22.378404770,11.186376340,28.209932100,27.701832730,,202.659375000
Montserrat,241.285714300,206.674418600,216.306976700,0.148837209,0.000000000,38.000000000,67.564162430,304.115240600,82.037044820,276.147222300,1745.349068000,28.145566840,547.885311800,204.680235300,589.796630900,10.152195940,23.533354700,6.908612178,24.010307740,30.057341360,25.107711400,19.905145460,11.096080640,26.215386730,26.129025740,,206.139186000
Aruba,186.658767800,13.291469190,184.367298600,0.000000000,0.000000000,2.040189125,68.018536340,75.595061640,9.189641466,39.123532980,412.856863800,64.196921080,121.637695000,75.460358470,208.239830500,9.240716333,26.060368110,6.326357648,27.181873320,32.144186590,27.379321700,22.903470070,9.089892059,28.387398670,27.430400500,,209.065284400
Monaco,3.000000000,382.000000000,154.000000000,3.000000000,16.666666670,31.555555560,33.449348450,222.061187700,24.917251590,120.016136200,837.198547400,32.450401310,140.833252000,110.001602200,299.512847900,22.399957280,6.012790298,7.604157257,19.290243530,24.531044010,12.453554530,2.131087494,53.352099610,19.455552670,9.904589844,,200.025000000
Norfolk Island,,26.634782610,270.000000000,0.000000000,0.000000000,25.000000000,,,,,,,,,,,,,,,,,,,,,206.900000000
Nauru,4057.750000000,1.058823529,0.000000000,0.000000000,0.000000000,,87.092227060,507.950693000,103.969207200,334.446049600,2059.921556000,36.000000000,334.446049600,284.369112500,788.537870000,6.521526630,27.603121010,5.726137983,27.933869820,31.255396450,27.755396450,24.733869820,1.466026036,27.933869820,27.686147370,,255.277205900
Cook Islands,4962.736842000,51.232558140,193.279069800,0.000000000,0.000000000,62.000000000,56.299699020,409.961822500,118.403060900,406.854351800,2306.987036000,28.269244960,704.420239300,280.482223500,751.579559300,9.678449249,21.829679570,5.507015839,21.839506840,28.749556880,23.733192140,19.071107180,15.087457030,25.650042110,25.349349980,,233.982267400
Saint Barthelemy,645.800000000,7.117647059,63.529411760,0.000000000,0.000000000,13.000000000,64.472688290,164.512988300,46.243419900,163.718646200,1038.967122000,32.924704230,315.440319800,128.127437300,374.080719000,8.918812866,25.228695880,5.777396062,25.470409140,31.062595010,26.770146080,22.143780820,11.262727620,27.970132850,27.481434330,,186.622794100
Pitcairn Islands,15531.333330000,1.456310680,63.349514560,0.000000000,0.000000000,,,,102.444356900,324.555629700,1418.125000000,10.680640580,,142.250000000,375.750000000,,,,,,,,,,,,212.012500000
Ashmore and Cartier Islands,,0.000000000,0.000000000,0.000000000,0.000000000,,,,,,,,,,,,,,,,,,,,,,162.287500000
Macau S.A.R,2.000000000,49.000000000,22.000000000,0.000000000,0.000000000,6.000000000,31.689777370,99.827560420,25.724205020,94.258567810,1785.830688000,72.465476990,859.451538100,324.292846700,866.931884800,20.482774350,15.693074040,6.556903839,17.475817870,32.058581540,22.648240660,11.575807190,50.406708980,28.306848140,27.630999760,3.757482767,272.150000000
Vatican,,,,,0,,,,,,,,,,,,,,,,,,,,,,
